title,link,rating,comments
SHAPERX Bodysuit for Women Tummy Control Shapewear Seamless Sculpting Thong Body Shaper,https://www.amazon.com/SHAPERX-Bodysuit-Shapewear-Sculpting-SZ5215-Black-S/dp/B0B1HR89H4/ref=zg_bs_1294868011_sccl_1/133-2478017-4037950?psc=1,4.2,3937
REORIA Women’s Sexy Sleeveless Racer Back Halter Neck Bodysuit Tank Tops,https://www.amazon.com/Womens-Sleeveless-Halter-Bodysuits-Leotard/dp/B083FXP7CY/ref=zg_bs_1294868011_sccl_2/133-2478017-4037950?psc=1,4.5,29414
FeelinGirl Shapewear for Women Tummy Control Full Bust Body Shaper Bodysuit Butt Lifter Thigh Slimmer,https://www.amazon.com/FeelinGirl-Bodysuit-Shapewear-Seamless-XXL/dp/B08P1NNXVH/ref=zg_bs_1294868011_sccl_3/133-2478017-4037950?psc=1,3.9,6174
SHAPERX Shapewear for Women Tummy Control Fajas Colombianas Body Shaper Zipper Open Bust Bodysuit,https://www.amazon.com/SHAPERX-Colombianas-Bodysuits-Shapewear-SZ7200-Black-L/dp/B07S82HCQH/ref=zg_bs_1294868011_sccl_4/133-2478017-4037950?psc=1,4.0,47353
OQQ Women's 2 Piece Bodysuits Sexy Ribbed One Piece Square Neck Long Sleeve Bodysuits,https://www.amazon.com/OQQ-Womens-Bodysuits-Ribbed-Square/dp/B0BHNGJ9Q6/ref=zg_bs_1294868011_sccl_5/133-2478017-4037950?psc=1,4.6,247
Nebility Women Waist Trainer Bodysuit Slim Full Body Shapewear Seamless Round Neck Jumpsuits Tummy Control Tops,https://www.amazon.com/Nebility-Bodysuit-Shapewear-Seamless-Jumpsuits/dp/B07ZLSQXCS/ref=zg_bs_1294868011_sccl_6/133-2478017-4037950?psc=1,4.0,11148
REYEOGO Shapewear Bodysuit for Women Tummy Control Butt Lifter Panty Hi-Waist Trainer Stomach Body Shaper Slimming Girdles,https://www.amazon.com/REYEOGO-Shapewear-Bodysuit-Hi-Waist-Slimming/dp/B08QMG5BGB/ref=zg_bs_1294868011_sccl_7/133-2478017-4037950?psc=1,4.0,10043
Lrady Women's Sheer Mesh Turtleneck Neck See Through Leotard Bodysuit Body Tops,https://www.amazon.com/Eiffel-Turtleneck-Through-Leotard-Bodysuit/dp/B07H4D28YF/ref=zg_bs_1294868011_sccl_8/133-2478017-4037950?psc=1,4.2,11445
REORIA Women’s Sexy One Shoulder Cutout Front Backless Sleeveless Tank Top Bodysuits,https://www.amazon.com/Shoulder-Sleeveless-Backless-Bodysuits-Leotards/dp/B09YRTVDTK/ref=zg_bs_1294868011_sccl_9/133-2478017-4037950?psc=1,4.5,1766
REORIA Womens Sexy Square Neck Sleeveless Tank Tops Bodysuits Clubwear,https://www.amazon.com/Sleeveless-Bodysuits-Stretchy-Leotard-Clubwear/dp/B08X6G4TCX/ref=zg_bs_1294868011_sccl_10/133-2478017-4037950?psc=1,4.4,4497
PUMIEY Women's High Neck Sleeveless Bodysuit Buttery Soft Tank Tops Smoke Cloud Collection,https://www.amazon.com/PUMIEY-Bodysuit-Clothing-Sleeveless-Racerback/dp/B0BB7146KR/ref=zg_bs_1294868011_sccl_11/133-2478017-4037950?psc=1,4.4,412
Irisnaya Women Slimming Bodysuits Shapewear Tops Tummy Control Body Shaper Spaghetti Strap Camisole Leotards Bodycon Jumpsuit,https://www.amazon.com/Irisnaya-Slimming-Bodysuits-Shapewear-Spaghetti/dp/B08M9KSP1B/ref=zg_bs_1294868011_sccl_12/133-2478017-4037950?psc=1,4.2,3316
Comfy BBL Stage 2 Fajas Colombians Shapewear for Women Tummy Control Post Surgery Compression Garment,https://www.amazon.com/Colombianas-Reductoras-Moldeadoras-Shapewear-Postpartum/dp/B08541SMYC/ref=zg_bs_1294868011_sccl_13/133-2478017-4037950?psc=1,4.3,3629
WDIRARA Women's Polka Dots Sheer Dobby Mesh Square Neck Long Sleeve Skinny Bodysuit,https://www.amazon.com/WDIRARA-Womens-Square-Sleeve-Bodysuit/dp/B082SB7ST8/ref=zg_bs_1294868011_sccl_14/133-2478017-4037950?psc=1,4.2,3611
SHAPERX Shapewear Tummy Control Fajas Colombianas High Compression Body Shaper for Women Butt Lifter Thigh Slimmer,https://www.amazon.com/SHAPERX-Shapewear-Compression-Colombianas-SZ7206-Black-M/dp/B09C5S4TB5/ref=zg_bs_1294868011_sccl_15/133-2478017-4037950?psc=1,3.9,3813
BRABIC Bodysuit Shapewear for Women Tummy Control Panties Seamless Sleeveless Tops V-Neck Camisole Jumpsuit,https://www.amazon.com/BRABIC-Bodysuit-Shapewear-Seamless-Sleeveless/dp/B08MDW2H86/ref=zg_bs_1294868011_sccl_16/133-2478017-4037950?psc=1,4.2,3553
MANGOPOP Mock Neck Sexy Cutout Front T Shirt Sleeveless/Long Sleeve Short Sleeve Bodysuit for Women,https://www.amazon.com/MANGOPOP-Womens-Cutout-Bodysuit-Jumpsuits/dp/B0999JD649/ref=zg_bs_1294868011_sccl_17/133-2478017-4037950?psc=1,4.5,2995
YIANNA Fajas Colombianas Shapewear for Women Postpartum Tummy Control Body Shaper Butt Lifter Bodysuit,https://www.amazon.com/YIANNA-Colombianas-Shapewear-Postpartum-YA7212-Black-L/dp/B09C8PCB5H/ref=zg_bs_1294868011_sccl_18/133-2478017-4037950?psc=1,4.2,4602
SHAPERX Tummy Control Shapewear for Women Seamless Fajas Bodysuit Open Bust Mid Thigh Body Shaper Shorts,https://www.amazon.com/SHAPERX-Shapewear-Seamless-Colombianas-SZ2490293-Black-M/dp/B08L51GJRL/ref=zg_bs_1294868011_sccl_19/133-2478017-4037950?psc=1,4.1,10832
Popilush Shaper Dress Bodycon Maxi/Mini Built in Shapewear Bra 8 in 1 Women Lounge Long/Short Slip Dresses,https://www.amazon.com/Popilush-Bodycon-Shapewear-Spaghetti-Elegant/dp/B0B6VH788S/ref=zg_bs_1294868011_sccl_20/133-2478017-4037950?psc=1,4.3,337
Velius Women's Sexy Deep V Neck Shiny Thong Bodysuit Tank Tops with Underwire,https://www.amazon.com/Velius-Womens-Bodysuit-Underwire-Medium/dp/B07T1CY5CG/ref=zg_bs_1294868011_sccl_21/133-2478017-4037950?psc=1,3.9,9709
FeelinGirl Shapewear for Women Seamless Firm Triple Control Faja Plus Size Thigh Slimmer Tummy Control Body Shaper,https://www.amazon.com/Feelingirl-Trainer-Bodysuit-Control-Shapewear/dp/B07ZF78DB7/ref=zg_bs_1294868011_sccl_22/133-2478017-4037950?psc=1,4.0,6927
Maidenform Women's Wear Your Own Bra Singlet Fajas Shapewear FL2556,https://www.amazon.com/Maidenform-Flexees-Womens-Shapewear-Singlet/dp/B00284B5G4/ref=zg_bs_1294868011_sccl_23/133-2478017-4037950?psc=1,4.3,7078
SHAPERX Shapewear for Women Tummy Control Bodysuit Mid Thigh Butt Lifter Body Shaper Shorts,https://www.amazon.com/SHAPERX-Shapewear-Bodysuit-SZ5218-Black-L-XL/dp/B09JK5PZ4B/ref=zg_bs_1294868011_sccl_24/133-2478017-4037950?psc=1,4.0,1296
MANGOPOP Sexy Bodysuit for Women Zipper Mock V Neck Sleeveless Short Sleeve Long Sleeve Tops T Shirts Jumpsuit,https://www.amazon.com/MANGOPOP-Womens-Zipper-Bodysuit-Jumpsuits/dp/B09J4FNB1Y/ref=zg_bs_1294868011_sccl_25/133-2478017-4037950?psc=1,4.4,915
REORIA Women's Sexy Criss Cross Halter Neck Sleeveless Thong Bodysuits Tops Clubwear,https://www.amazon.com/ReoRia-Womens-Halter-Sleeveless-Bodysuits/dp/B09SWJGDGZ/ref=zg_bs_1294868011_sccl_26/133-2478017-4037950?psc=1,4.3,1003
REORIA Women's Classy Asymmetrical Neck Long Sleeve Ribbed Slimming Thong Bodysuit Tops,https://www.amazon.com/REORIA-Asymmetrical-Slimming-Leotards-Bodysuit/dp/B0B7JDYRDQ/ref=zg_bs_1294868011_sccl_27/133-2478017-4037950?psc=1,4.3,254
YIANNA Sculpting Bodysuit for Women Tummy Control Seamless Shapewear Body Shaper,https://www.amazon.com/YIANNA-Sculpting-Bodysuit-Shapewear-YA5215-Black-S/dp/B0BFX2ZKLP/ref=zg_bs_1294868011_sccl_28/133-2478017-4037950?psc=1,4.1,339
SPARSHINE Shapewear for Women Tummy Control Fajas Colombianas Body Shaper Open Bust Bodysuit For Women Waist Trainer,https://www.amazon.com/SPARSHINE-Colombianas-Reductoras-Moldeadoras-Shapewear/dp/B08HCPT1K1/ref=zg_bs_1294868011_sccl_29/133-2478017-4037950?psc=1,3.9,9032
INLYRIC Women's Sexy Square Neck Sleeveless Bodysuit Tank Tops Thong Slimming Backless Camisole Summer Outfits,https://www.amazon.com/INLYRIC-Sleeveless-Bodysuit-Slimming-Backless/dp/B0BLHBSYP8/ref=zg_bs_1294868011_sccl_30/133-2478017-4037950?psc=1,5.0,1
MANGOPOP Women's Sexy Cutout Front T Shirt Sleeveless/Long Sleeve Short Sleeve Bodysuit Jumpsuits,https://www.amazon.com/MANGOPOP-Womens-Cutout-Bodysuit-Jumpsuits/dp/B09PHCVH4J/ref=zg_bs_1294868011_sccl_31/133-2478017-4037950?psc=1,4.4,1297
SHEIUGU Women's Mock Turtle Neck Long Sleeve Bodysuit Soft Slim Fit Stretchy Layer Top Classic Jumpsuits,https://www.amazon.com/SHEIUGU-Classic-Fit-Turtleneck-Long-Sleeve-Bodysuit/dp/B097JTBCMZ/ref=zg_bs_1294868011_sccl_32/133-2478017-4037950?psc=1,4.3,1563
REORIA Womens Sexy Square Neck Double Lined Long Sleeve Bodysuit Tops Jumpsuits,https://www.amazon.com/Womens-Square-Seamless-Stretchy-Bodysuit/dp/B09CPQQFL8/ref=zg_bs_1294868011_sccl_33/133-2478017-4037950?psc=1,4.4,771
MISSJOY Women's Basic Sleeveless Racer Back Halter Neck Ribbed Bodysuit Tank Tops,https://www.amazon.com/MISSJOY-Bodysuit-Women-Halter-Ribbed/dp/B09MJ63D7Y/ref=zg_bs_1294868011_sccl_34/133-2478017-4037950?psc=1,4.5,556
SHAPERX Seamless Short Sleeve Bodysuit for Women Tummy Control Shapewear Thong Sculpting Body Shaper,https://www.amazon.com/SHAPERX-Seamless-Shapewear-Sculpting-SZ5253-Black-S/dp/B0BMFRPSSN/ref=zg_bs_1294868011_sccl_35/133-2478017-4037950?psc=1,4.2,64
FeelinGirl Seamless Long Sleeve Thong Bodysuit for Women-Tummy Control Shapewear 2023 Winter Fashion Top,https://www.amazon.com/FeelinGirl-Bodysuit-Women-Tummy-Shapewear-Jumpsuits/dp/B09LM521BM/ref=zg_bs_1294868011_sccl_36/133-2478017-4037950?psc=1,4.2,303
MANGOPOP Sexy Bodysuit for Women Plunge Deep V Neck Twist Knot Front Slim Fit Short Sleeve Long Sleeve T Shirts Tops Jumpsuit,https://www.amazon.com/MANGOPOP-Womens-Plunge-Bodysuit-Jumpsuit/dp/B08THHRMVG/ref=zg_bs_1294868011_sccl_37/133-2478017-4037950?psc=1,4.4,952
OQQ Women's 3 Piece Bodysuits Sexy Ribbed Sleeveless Square Neck Sleeveless Tank Tops Bodysuits,https://www.amazon.com/OQQ-Womens-Bodysuits-Ribbed-Sleeveless/dp/B0BBR6RQ6J/ref=zg_bs_1294868011_sccl_38/133-2478017-4037950?psc=1,4.4,550
FeelinGirl Thong Shapewear Bodysuit for Women Tummy Control Body Shaper U Plunge Fajas Colombianas Waist Trainer Corset,https://www.amazon.com/FeelinGirl-Seamless-Control-Shapewear-Bodysuit/dp/B08NCLKLF1/ref=zg_bs_1294868011_sccl_39/133-2478017-4037950?psc=1,3.4,1708
Sonryse Fajas Colombianas Postparto BBL Stage 2 Post Surgical Compression Garments for Women,https://www.amazon.com/Sonryse-Liposuction-Compression-Colombianas-Moldeadoras/dp/B07YF5PNZV/ref=zg_bs_1294868011_sccl_40/133-2478017-4037950?psc=1,4.2,8097
INLYRIC Women's Long Sleeve Sleeveless Bodysuit Ribbed Square Neck Slimming Body Suits Tank Top Shirts Jumpsuit Fall Outfits,https://www.amazon.com/INLYRIC-Shapewear-Sleeveless-Jumpsuits-Creamy-White/dp/B09P2RQN9L/ref=zg_bs_1294868011_sccl_41/133-2478017-4037950?psc=1,4.3,111
LCNBA Women's Sexy High Neck Sleeveless Bodysuit Basic Top Bodysuit Jumpsuit,https://www.amazon.com/LCNBA-Womens-Sleeveless-Bodysuit-Jumpsuit/dp/B07VL7TW31/ref=zg_bs_1294868011_sccl_42/133-2478017-4037950?psc=1,4.3,2587
Seamless Bodysuit for Women Tummy Control Shapewear | Sculpting Body Shaper Thong Dupes Shaping Tops,https://www.amazon.com/Seamless-Bodysuit-Control-Shapewear-Sculpting/dp/B0BP9TVRP2/ref=zg_bs_1294868011_sccl_43/133-2478017-4037950?psc=1,4.0,38
MANGOPOP Square Neck / Mock Neck Puff Sleeve Loose Lantern Short Sleeve Long Sleeve Bodysuit for Women for Going Out,https://www.amazon.com/MANGOPOP-Lantern-Sleeve-Bodysuit-Medium/dp/B09J8QZKC8/ref=zg_bs_1294868011_sccl_44/133-2478017-4037950?psc=1,4.4,286
REORIA Women's Casual Sexy V Neck Long Sleeve Work Ribbed Fitted Thong Bodysuit Tops,https://www.amazon.com/REORIA-Womens-Slimming-Leotards-Bodysuits/dp/B0B7JDPM9B/ref=zg_bs_1294868011_sccl_45/133-2478017-4037950?psc=1,4.4,270
Dlsave Sexy Neon Top for Women Deep V Neck Satin Bodysuit Going Out Tank Tops,https://www.amazon.com/Dlsave-Corset-Women-Satin-Bodysuit/dp/B0B7639BQ9/ref=zg_bs_1294868011_sccl_46/133-2478017-4037950?psc=1,3.7,1302
BRABIC Lace Bodysuit for Women Tummy Control Shapewear Sleeveless Tops V-Neck Backless Camisole Jumpsuit Shaper,https://www.amazon.com/BRABIC-Bodysuit-Shapewear-Sleeveless-Backless/dp/B08BZPTN8J/ref=zg_bs_1294868011_sccl_47/133-2478017-4037950?psc=1,4.0,6519
SHAPERX Bodysuit for Women Tummy Control Shapewear Mid-Thigh Seamless Full Body Shaper,https://www.amazon.com/SHAPERX-Mid-Thigh-Compression-Shapewear-SZ6224-Black-L/dp/B09K73TM5M/ref=zg_bs_1294868011_sccl_48/133-2478017-4037950?psc=1,4.2,1358
SHAPERX Shapewear for Women Tummy Control Thong Bodysuit Open Bust Body Shaper,https://www.amazon.com/SHAPERX-Camellias-Seamless-Shapewear-SZ7095-Black-L/dp/B014ME07P2/ref=zg_bs_1294868011_sccl_49/133-2478017-4037950?psc=1,3.8,17220
"Shapewear Bodysuit for Women Tummy Control, BBL Fajas Colombianas Postpartum Full Body Shaper Slimmer High Waist Butt Lifter",https://www.amazon.com/Shapewear-Bodysuit-Control-Colombianas-Postpartum/dp/B0B55XSMZX/ref=zg_bs_1294868011_sccl_50/133-2478017-4037950?psc=1,4.6,912
